序号,标准释义,原表是否错误,原图宽,原图高,原图质量门,对应已发布ID,参考图排名(从1开始),历史首选,历史候选,历史首选正确,历史候选命中,本次状态,本次错误
1,天,否,179,95,IMAGE_TOO_SMALL,DB1404_0001,未进前200,彩虹,彩虹|虹|阴魂,False,False,ERROR,PROVIDER_UNAVAILABLE
2,日,否,166,126,IMAGE_TOO_SMALL,DB1404_0002,1,日,日|不吉之日|昼,True,True,ERROR,PROVIDER_UNAVAILABLE
3,月,是,161,89,IMAGE_TOO_SMALL,DB1404_0003,未进前200,船,船|腊月,False,False,ERROR,PROVIDER_UNAVAILABLE
4,星,否,109,65,IMAGE_TOO_SMALL,DB1404_0004,未进前200,种子,种子|北极星,False,False,ERROR,PROVIDER_UNAVAILABLE
5,云,否,120,76,IMAGE_TOO_SMALL,DB1404_0005,未进前200,风,风|绳|缠绕,False,False,ERROR,PROVIDER_UNAVAILABLE
6,雨,是,114,61,IMAGE_TOO_SMALL,DB1404_0006,63,草,草,False,False,ERROR,PROVIDER_UNAVAILABLE
7,雪,是,164,129,IMAGE_TOO_SMALL,DB1404_0007,未进前200,霜,霜,False,False,ERROR,PROVIDER_UNAVAILABLE
8,地,是,186,73,IMAGE_TOO_SMALL,DB1404_0008,13,地,地|闩,True,True,ERROR,PROVIDER_UNAVAILABLE
9,山,否,100,85,IMAGE_TOO_SMALL,DB1404_0009,2,雪山,雪山|山|土山,False,True,ERROR,PROVIDER_UNAVAILABLE
10,坡,是,180,123,IMAGE_TOO_SMALL,DB1404_0010,51,坡,坡|锡,True,True,ERROR,PROVIDER_UNAVAILABLE
11,风,是,174,80,IMAGE_TOO_SMALL,DB1404_0011,2,风,风,True,True,ERROR,PROVIDER_UNAVAILABLE
12,亮,是,155,151,IMAGE_TOO_SMALL,DB1404_0012,未进前200,暗,暗,False,False,ERROR,PROVIDER_UNAVAILABLE
13,暗,是,144,140,IMAGE_TOO_SMALL,DB1404_0013,1,暗,暗,True,True,ERROR,PROVIDER_UNAVAILABLE
14,电,是,164,130,IMAGE_TOO_SMALL,DB1404_0018,36,电,电,True,True,ERROR,PROVIDER_UNAVAILABLE
15,冰,是,110,110,IMAGE_TOO_SMALL,DB1404_0019,163,冰,冰|竖起刺箭,True,True,ERROR,PROVIDER_UNAVAILABLE
16,深,是,200,120,IMAGE_TOO_SMALL,DB1404_0021,38,深,深,True,True,ERROR,PROVIDER_UNAVAILABLE
17,水,是,220,124,IMAGE_TOO_SMALL,DB1404_0026,未进前200,阻水,阻水|水尾|冲|溅起水花,False,False,ERROR,PROVIDER_UNAVAILABLE
18,湖,是,178,90,IMAGE_TOO_SMALL,DB1404_0028,4,湖,湖|长庚星|线结扣,True,True,ERROR,PROVIDER_UNAVAILABLE
19,石,是,160,131,IMAGE_TOO_SMALL,DB1404_0030,未进前200,石上生草,石上生草|水沫,False,False,ERROR,PROVIDER_UNAVAILABLE
20,树,是,179,159,IMAGE_TOO_SMALL,DB1404_0032,未进前200,树发芽,树发芽|藤|细,False,False,ERROR,PROVIDER_UNAVAILABLE
21,柴,是,283,166,IMAGE_TOO_SMALL,DB1404_0033,101,柴,柴|艾|树弯|尾,True,True,ERROR,PROVIDER_UNAVAILABLE
22,草,是,135,135,IMAGE_TOO_SMALL,DB1404_0039,1,火化场,火化场|燃|草,False,True,ERROR,PROVIDER_UNAVAILABLE
23,落,是,189,163,IMAGE_TOO_SMALL,DB1404_0041,158,落,落|杨树|梨,True,True,ERROR,PROVIDER_UNAVAILABLE
24,粗,是,130,198,IMAGE_TOO_SMALL,DB1404_0042|DB1404_1114,5,粗,粗,True,True,ERROR,PROVIDER_UNAVAILABLE
25,叶,否,112,174,IMAGE_TOO_SMALL,DB1404_0043,未进前200,小米,小米|活扣,False,False,ERROR,PROVIDER_UNAVAILABLE
26,菌,是,187,175,IMAGE_TOO_SMALL,DB1404_0045,未进前200,UNKNOWN,,False,False,ERROR,PROVIDER_UNAVAILABLE
27,人,否,190,170,IMAGE_TOO_SMALL,DB1404_0048,146,丈量单位,丈量单位|右|不干净的立处,False,False,ERROR,PROVIDER_UNAVAILABLE
28,男,是,185,160,IMAGE_TOO_SMALL,DB1404_0049,46,男,男|孙女|曾孙子|你,True,True,ERROR,PROVIDER_UNAVAILABLE
29,女,是,148,207,IMAGE_TOO_SMALL,DB1404_0050,39,女,女|妇人垂长发|男,True,True,ERROR,PROVIDER_UNAVAILABLE
30,立,否,167,203,IMAGE_TOO_SMALL,DB1404_0052,8,立,立|不干净的立处|走,True,True,ERROR,PROVIDER_UNAVAILABLE
31,坐,否,157,151,IMAGE_TOO_SMALL,DB1404_0053,37,客,客|丈量单位|坐,False,True,ERROR,PROVIDER_UNAVAILABLE
32,起,是,172,160,IMAGE_TOO_SMALL,DB1404_0054,72,蹲,蹲|起,False,True,ERROR,PROVIDER_UNAVAILABLE
33,跪,是,145,184,IMAGE_TOO_SMALL,DB1404_0055,93,跪,跪|蹲,True,True,ERROR,PROVIDER_UNAVAILABLE
34,求,是,178,178,IMAGE_TOO_SMALL,DB1404_0056,15,求,求,True,True,ERROR,PROVIDER_UNAVAILABLE
35,跌,是,188,164,IMAGE_TOO_SMALL,DB1404_0057,未进前200,引领,引领|百|十,False,False,ERROR,PROVIDER_UNAVAILABLE
36,抖,是,152,160,IMAGE_TOO_SMALL,DB1404_0058,4,立,立|走|丈量单位,False,False,ERROR,PROVIDER_UNAVAILABLE
37,爬,是,200,176,IMAGE_TOO_SMALL,DB1404_0059,未进前200,穗,穗|长庚星|线结扣,False,False,ERROR,PROVIDER_UNAVAILABLE
38,懒,是,216,184,IMAGE_TOO_SMALL,DB1404_0060,未进前200,行星,行星|线结扣|缠绕,False,False,ERROR,PROVIDER_UNAVAILABLE
39,舞,是,172,180,IMAGE_TOO_SMALL,DB1404_0061,未进前200,丈量单位,丈量单位|鬼|劝架|担,False,False,ERROR,PROVIDER_UNAVAILABLE
40,举,是,188,184,IMAGE_TOO_SMALL,DB1404_0062,150,丈量单位,丈量单位|不干净的立处|右,False,False,ERROR,PROVIDER_UNAVAILABLE
41,得,是,204,204,PASS,DB1404_0063,1,得,得,True,True,ERROR,PROVIDER_UNAVAILABLE
42,背,是,208,200,PASS,DB1404_0064,1,背,背,True,True,ERROR,PROVIDER_UNAVAILABLE
43,怕,是,220,180,IMAGE_TOO_SMALL,DB1404_0065,未进前200,冷,冷,False,False,ERROR,PROVIDER_UNAVAILABLE
44,死,是,280,152,IMAGE_TOO_SMALL,DB1404_0067,未进前200,啊,啊|跌,False,False,ERROR,PROVIDER_UNAVAILABLE
45,鬼,是,224,244,PASS,DB1404_0068,123,鬼,鬼|奴隶|人,True,True,ERROR,PROVIDER_UNAVAILABLE
46,躲,是,248,216,PASS,DB1404_0069,31,躲,躲|两地交界|月落,True,True,ERROR,PROVIDER_UNAVAILABLE
47,睡,否,220,180,IMAGE_TOO_SMALL,DB1404_0070,未进前200,开门,开门|上|铁架,False,False,ERROR,PROVIDER_UNAVAILABLE
48,担,是,196,192,IMAGE_TOO_SMALL,DB1404_0071,19,担,担|丈量单位|劝架,True,True,ERROR,PROVIDER_UNAVAILABLE
49,抬,是,172,200,IMAGE_TOO_SMALL,DB1404_0072,未进前200,手铐,手铐|得|送,False,False,ERROR,PROVIDER_UNAVAILABLE
50,靠,是,136,168,IMAGE_TOO_SMALL,DB1404_0073,未进前200,开门,开门|跛脚|名誉,False,False,ERROR,PROVIDER_UNAVAILABLE
