序号,标准释义,原表错误,原图质量门,入选top200,旧GLM首选,豆包拼图首选(未上线),豆包拼图候选,旧首选正确,拼图首选正确,拼图候选命中,状态,错误码,模型调用时延ms
1,天,否,IMAGE_TOO_SMALL,False,彩虹,夜晚,夜晚,False,False,False,NEED_USER_CONFIRM,,8006
2,日,否,IMAGE_TOO_SMALL,True,日,日,日|昼|不吉之日|黑太阳|窗户,True,True,True,NEED_USER_CONFIRM,,13578
3,月,是,IMAGE_TOO_SMALL,False,船,阴魂,阴魂|黑月亮|雄,False,False,False,NEED_USER_CONFIRM,,6483
4,星,否,IMAGE_TOO_SMALL,False,种子,北极星,北极星|种子|三星之手|壁宿|北斗星,False,False,False,NEED_USER_CONFIRM,,8161
5,云,否,IMAGE_TOO_SMALL,False,风,缠绕,缠绕|弹羊毛之弓|毛线,False,False,False,NEED_USER_CONFIRM,,7750
6,雨,是,IMAGE_TOO_SMALL,True,草,雨,雨,False,True,True,NEED_USER_CONFIRM,,8278
7,雪,是,IMAGE_TOO_SMALL,False,霜,霜,霜,False,False,False,NEED_USER_CONFIRM,,9468
8,地,是,IMAGE_TOO_SMALL,True,地,地,地|胰腺|秧田|草席|竹棚,True,True,True,NEED_USER_CONFIRM,,9863
9,山,否,IMAGE_TOO_SMALL,True,雪山,山,山|雪山|土山|高山|山巅,False,True,True,NEED_USER_CONFIRM,,9516
10,坡,是,IMAGE_TOO_SMALL,True,坡,坡,坡,True,True,True,NEED_USER_CONFIRM,,8469
11,风,是,IMAGE_TOO_SMALL,True,风,风,风,True,True,True,NEED_USER_CONFIRM,,7305
12,亮,是,IMAGE_TOO_SMALL,False,暗,暗,暗,False,False,False,NEED_USER_CONFIRM,,8011
13,暗,是,IMAGE_TOO_SMALL,True,暗,暗,暗,True,True,True,NEED_USER_CONFIRM,,9166
14,电,是,IMAGE_TOO_SMALL,True,电,打虎机,打虎机|电|塞,True,False,True,NEED_USER_CONFIRM,,7777
15,冰,是,IMAGE_TOO_SMALL,True,冰,竖起刺箭,竖起刺箭|冰|责任|烟|热,True,False,True,NEED_USER_CONFIRM,,8158
16,深,是,IMAGE_TOO_SMALL,True,深,山洪,山洪|米|煨茶|沟|晒,True,False,False,NEED_USER_CONFIRM,,9719
17,水,是,IMAGE_TOO_SMALL,False,阻水,南方,南方|阻水|冲|水尾|彗星,False,False,False,NEED_USER_CONFIRM,,8120
18,湖,是,IMAGE_TOO_SMALL,True,湖,湖,湖|长庚星|啊|锥|瘦肉,True,True,True,NEED_USER_CONFIRM,,8596
19,石,是,IMAGE_TOO_SMALL,False,石上生草,石上生草,石上生草|压物|石裂,False,False,False,NEED_USER_CONFIRM,,8090
20,树,是,IMAGE_TOO_SMALL,False,树发芽,藤,藤|绳断|树发芽|韭菜|细,False,False,False,NEED_USER_CONFIRM,,9965
21,柴,是,IMAGE_TOO_SMALL,True,柴,柴,柴|艾|树弯|尾|楷木,True,True,True,NEED_USER_CONFIRM,,8202
22,草,是,IMAGE_TOO_SMALL,True,火化场,雨,雨|雹|火化场|竖起刺箭,False,False,False,NEED_USER_CONFIRM,,8731
23,落,是,IMAGE_TOO_SMALL,True,落,落,落|梨|黄豆|山茱萸|梅,True,True,True,NEED_USER_CONFIRM,,9729
24,粗,是,IMAGE_TOO_SMALL,True,粗,粗,粗|白稻病|颗粒|开坛经|塔,True,True,True,NEED_USER_CONFIRM,,9159
25,叶,否,IMAGE_TOO_SMALL,False,小米,小米,小米|稗子|活扣|挖泥木铣|生的,False,False,False,NEED_USER_CONFIRM,,13044
26,菌,是,IMAGE_TOO_SMALL,False,,世代,世代,False,False,False,NEED_USER_CONFIRM,,7764
27,人,否,IMAGE_TOO_SMALL,True,丈量单位,父族,父族|枯|口舌是非|男|胎儿,False,False,False,NEED_USER_CONFIRM,,9334
28,男,是,IMAGE_TOO_SMALL,True,男,男,男|纳西经一部经典|神|你|舅父,True,True,True,NEED_USER_CONFIRM,,10070
29,女,是,IMAGE_TOO_SMALL,True,女,女,女|绝育|人|父族|口舌是非,True,True,True,NEED_USER_CONFIRM,,11374
30,立,否,IMAGE_TOO_SMALL,True,立,立,立|不干净的立处|胎儿|绝育|鬼,True,True,True,NEED_USER_CONFIRM,,10529
31,坐,否,IMAGE_TOO_SMALL,True,客,客,客|戴帽|人|口舌是非|担,False,False,False,NEED_USER_CONFIRM,,10211
32,起,是,IMAGE_TOO_SMALL,True,蹲,蹲,蹲|起|抖|右|拿起,False,False,True,NEED_USER_CONFIRM,,9571
33,跪,是,IMAGE_TOO_SMALL,True,跪,蹲,蹲|右|接|人|捞,True,False,False,NEED_USER_CONFIRM,,9790
34,求,是,IMAGE_TOO_SMALL,True,求,哥哥,哥哥|接|劝架,True,False,False,NEED_USER_CONFIRM,,8995
35,跌,是,IMAGE_TOO_SMALL,False,引领,引领,引领|最后一颗星|意味最吉利的星星|百|十,False,False,False,NEED_USER_CONFIRM,,10543
36,抖,是,IMAGE_TOO_SMALL,True,立,立,立|白族人|胎儿|蹲|鬼,False,False,False,NEED_USER_CONFIRM,,8141
37,爬,是,IMAGE_TOO_SMALL,False,穗,鬓,鬓,False,False,False,NEED_USER_CONFIRM,,7277
38,懒,是,IMAGE_TOO_SMALL,False,行星,跌,跌|啊|行星,False,False,False,NEED_USER_CONFIRM,,8199
39,舞,是,IMAGE_TOO_SMALL,False,丈量单位,右,右|女|鬼|绝育|枯,False,False,False,NEED_USER_CONFIRM,,9339
40,举,是,IMAGE_TOO_SMALL,True,丈量单位,担,担|丈量单位|右|拿起|起,False,False,False,NEED_USER_CONFIRM,,10047
41,得,是,PASS,True,得,得,得,True,True,True,NEED_USER_CONFIRM,,8215
42,背,是,PASS,True,背,背,背,True,True,True,NEED_USER_CONFIRM,,6787
43,怕,是,IMAGE_TOO_SMALL,False,冷,冷,冷|煎|地之中央,False,False,False,NEED_USER_CONFIRM,,8488
44,死,是,IMAGE_TOO_SMALL,False,啊,塞,塞,False,False,False,NEED_USER_CONFIRM,,10437
45,鬼,是,PASS,True,鬼,鬼,鬼,True,True,True,NEED_USER_CONFIRM,,10420
46,躲,是,PASS,True,躲,躲,躲,True,True,True,NEED_USER_CONFIRM,,9984
47,睡,否,IMAGE_TOO_SMALL,False,开门,墨斗,墨斗|碓|称量,False,False,False,NEED_USER_CONFIRM,,11474
48,担,是,IMAGE_TOO_SMALL,True,担,担,担|拿起|大脖子|右|丈量单位,True,True,True,NEED_USER_CONFIRM,,15295
49,抬,是,IMAGE_TOO_SMALL,False,手铐,卖,卖|驱赶|甜|接|引领,False,False,False,NEED_USER_CONFIRM,,10941
50,靠,是,IMAGE_TOO_SMALL,False,开门,开门,开门,False,False,False,NEED_USER_CONFIRM,,8089
